Results_Name,VSPAERO_Wrapper
Results_Timestamp,1789028309
Results_Date,9,10,2026
Results_Time,11,18,29
Analysis_Duration_Sec,4.751000000000000334e+00
ResultsVec,VSPAERO_History,VSPAERO_Polar,VSPAERO_Load,CpSlice_Wrapper
Results_Name,VSPAERO_History
Results_Timestamp,1789028308
Results_Date,9,10,2026
Results_Time,11,18,28
Alpha,0.000000000000000000e+00
Beta,0.000000000000000000e+00
CDi,0.000000000000000000e+00
CDiw,0.000000000000000000e+00
CDo,6.935618592999999964e-03
CDtot,6.935618592999999964e-03
CDwtot,6.935618592999999964e-03
CFxi,0.000000000000000000e+00
CFxiw,0.000000000000000000e+00
CFxo,6.935618592999999964e-03
CFxtot,6.935618592999999964e-03
CFxwtot,6.935618592999999964e-03
CFyi,0.000000000000000000e+00
CFyiw,0.000000000000000000e+00
CFyo,0.000000000000000000e+00
CFytot,0.000000000000000000e+00
CFywtot,0.000000000000000000e+00
CFzi,0.000000000000000000e+00
CFziw,0.000000000000000000e+00
CFzo,0.000000000000000000e+00
CFztot,0.000000000000000000e+00
CFzwtot,0.000000000000000000e+00
CLi,0.000000000000000000e+00
CLiw,0.000000000000000000e+00
CLo,0.000000000000000000e+00
CLtot,0.000000000000000000e+00
CLwtot,0.000000000000000000e+00
CMxi,0.000000000000000000e+00
CMxo,0.000000000000000000e+00
CMxtot,0.000000000000000000e+00
CMyi,0.000000000000000000e+00
CMyo,7.919373189999999625e-04
CMytot,7.919373189999999625e-04
CMzi,0.000000000000000000e+00
CMzo,0.000000000000000000e+00
CMztot,0.000000000000000000e+00
CSi,0.000000000000000000e+00
CSiw,0.000000000000000000e+00
CSo,0.000000000000000000e+00
CStot,0.000000000000000000e+00
CSwtot,0.000000000000000000e+00
E,0.000000000000000000e+00
Ew,0.000000000000000000e+00
FC_AoA_,0.000000000000000000e+00
FC_Beta_,0.000000000000000000e+00
FC_Bref_,3.236999999999999744e+01
FC_Cref_,1.438667000000000051e+01
FC_Mach_,1.199999999999999956e+00
FC_Pitch_Rate,0.000000000000000000e+00
FC_ReCref_,1.000000000000000000e+07
FC_Rho_,2.377000000000000206e-03
FC_Roll__Rate,0.000000000000000000e+00
FC_Sref_,3.492722999999999729e+02
FC_Vinf_,1.000000000000000000e+02
FC_Xcg_,2.955000000000000071e+01
FC_Yaw___Rate,0.000000000000000000e+00
FC_Ycg_,0.000000000000000000e+00
FC_Zcg_,0.000000000000000000e+00
L/D,0.000000000000000000e+00
L/Dw,0.000000000000000000e+00
Mach,1.199999999999999956e+00
T/QS,0.000000000000000000e+00
WakeIter,1
WallTime,1.790000000039999872e-01
log10( L2Residual ),-1.457142589076899952e+01
log10( MaxResidual ),-1.348344859323800016e+01
Results_Name,VSPAERO_Polar
Results_Timestamp,1789028308
Results_Date,9,10,2026
Results_Time,11,18,28
Alpha,0.000000000000000000e+00
Beta,0.000000000000000000e+00
CDi,0.000000000000000000e+00
CDiw,0.000000000000000000e+00
CDo,6.935618592999999964e-03
CDtot,6.935618592999999964e-03
CDwtot,6.935618592999999964e-03
CFix,0.000000000000000000e+00
CFiy,0.000000000000000000e+00
CFiz,0.000000000000000000e+00
CFox,6.935618592999999964e-03
CFoy,0.000000000000000000e+00
CFoz,0.000000000000000000e+00
CFxtot,6.935618592999999964e-03
CFytot,0.000000000000000000e+00
CFztot,0.000000000000000000e+00
CLi,0.000000000000000000e+00
CLiw,0.000000000000000000e+00
CLo,0.000000000000000000e+00
CLtot,0.000000000000000000e+00
CLwtot,0.000000000000000000e+00
CMix,0.000000000000000000e+00
CMiy,0.000000000000000000e+00
CMiz,0.000000000000000000e+00
CMox,0.000000000000000000e+00
CMoy,7.919373189999999625e-04
CMoz,0.000000000000000000e+00
CMxtot,0.000000000000000000e+00
CMytot,7.919373189999999625e-04
CMztot,0.000000000000000000e+00
CSi,0.000000000000000000e+00
CSiw,0.000000000000000000e+00
CSo,0.000000000000000000e+00
CStot,0.000000000000000000e+00
CSwtot,0.000000000000000000e+00
E,-nan(ind)
Ew,-nan(ind)
L_D,0.000000000000000000e+00
L_Dw,0.000000000000000000e+00
Mach,1.199999999999999956e+00
Re_1e6,1.000000000000000000e+01
StallFactor,1.000000000000000000e+00
Results_Name,VSPAERO_Load
Results_Timestamp,1789028308
Results_Date,9,10,2026
Results_Time,11,18,28
Angle ,0.000000000000000000e+00,0.000000000000000000e+00,0.000000000000000000e+00,0.000000000000000000e+00,0.000000000000000000e+00,0.000000000000000000e+00,0.000000000000000000e+00,0.000000000000000000e+00,0.000000000000000000e+00,0.000000000000000000e+00,0.000000000000000000e+00,0.000000000000000000e+00,0.000000000000000000e+00,0.000000000000000000e+00,0.000000000000000000e+00,0.000000000000000000e+00,0.000000000000000000e+00,0.000000000000000000e+00,0.000000000000000000e+00,0.000000000000000000e+00,0.000000000000000000e+00,0.000000000000000000e+00,0.000000000000000000e+00,0.000000000000000000e+00,0.000000000000000000e+00,0.000000000000000000e+00,0.000000000000000000e+00,0.000000000000000000e+00,0.000000000000000000e+00,0.000000000000000000e+00,0.000000000000000000e+00,0.000000000000000000e+00,0.000000000000000000e+00,0.000000000000000000e+00
CP,0.000000000000000000e+00,0.000000000000000000e+00,0.000000000000000000e+00,0.000000000000000000e+00,0.000000000000000000e+00,0.000000000000000000e+00,0.000000000000000000e+00,0.000000000000000000e+00,0.000000000000000000e+00,0.000000000000000000e+00,0.000000000000000000e+00,0.000000000000000000e+00,0.000000000000000000e+00,0.000000000000000000e+00,0.000000000000000000e+00,0.000000000000000000e+00,0.000000000000000000e+00,0.000000000000000000e+00,0.000000000000000000e+00,0.000000000000000000e+00,0.000000000000000000e+00,0.000000000000000000e+00,0.000000000000000000e+00,0.000000000000000000e+00,0.000000000000000000e+00,0.000000000000000000e+00,0.000000000000000000e+00,0.000000000000000000e+00,0.000000000000000000e+00,0.000000000000000000e+00,0.000000000000000000e+00,0.000000000000000000e+00,0.000000000000000000e+00,0.000000000000000000e+00
CP_h,0.000000000000000000e+00,0.000000000000000000e+00,0.000000000000000000e+00,0.000000000000000000e+00,0.000000000000000000e+00,0.000000000000000000e+00,0.000000000000000000e+00,0.000000000000000000e+00,0.000000000000000000e+00,0.000000000000000000e+00,0.000000000000000000e+00,0.000000000000000000e+00,0.000000000000000000e+00,0.000000000000000000e+00,0.000000000000000000e+00,0.000000000000000000e+00,0.000000000000000000e+00,0.000000000000000000e+00,0.000000000000000000e+00,0.000000000000000000e+00,0.000000000000000000e+00,0.000000000000000000e+00,0.000000000000000000e+00,0.000000000000000000e+00,0.000000000000000000e+00,0.000000000000000000e+00,0.000000000000000000e+00,0.000000000000000000e+00,0.000000000000000000e+00,0.000000000000000000e+00,0.000000000000000000e+00,0.000000000000000000e+00,0.000000000000000000e+00,0.000000000000000000e+00
CQ,0.000000000000000000e+00,0.000000000000000000e+00,0.000000000000000000e+00,0.000000000000000000e+00,0.000000000000000000e+00,0.000000000000000000e+00,0.000000000000000000e+00,0.000000000000000000e+00,0.000000000000000000e+00,0.000000000000000000e+00,0.000000000000000000e+00,0.000000000000000000e+00,0.000000000000000000e+00,0.000000000000000000e+00,0.000000000000000000e+00,0.000000000000000000e+00,0.000000000000000000e+00,0.000000000000000000e+00,0.000000000000000000e+00,0.000000000000000000e+00,0.000000000000000000e+00,0.000000000000000000e+00,0.000000000000000000e+00,0.000000000000000000e+00,0.000000000000000000e+00,0.000000000000000000e+00,0.000000000000000000e+00,0.000000000000000000e+00,0.000000000000000000e+00,0.000000000000000000e+00,0.000000000000000000e+00,0.000000000000000000e+00,0.000000000000000000e+00,0.000000000000000000e+00
CQ_h,0.000000000000000000e+00,0.000000000000000000e+00,0.000000000000000000e+00,0.000000000000000000e+00,0.000000000000000000e+00,0.000000000000000000e+00,0.000000000000000000e+00,0.000000000000000000e+00,0.000000000000000000e+00,0.000000000000000000e+00,0.000000000000000000e+00,0.000000000000000000e+00,0.000000000000000000e+00,0.000000000000000000e+00,0.000000000000000000e+00,0.000000000000000000e+00,0.000000000000000000e+00,0.000000000000000000e+00,0.000000000000000000e+00,0.000000000000000000e+00,0.000000000000000000e+00,0.000000000000000000e+00,0.000000000000000000e+00,0.000000000000000000e+00,0.000000000000000000e+00,0.000000000000000000e+00,0.000000000000000000e+00,0.000000000000000000e+00,0.000000000000000000e+00,0.000000000000000000e+00,0.000000000000000000e+00,0.000000000000000000e+00,0.000000000000000000e+00,0.000000000000000000e+00
CT,0.000000000000000000e+00,0.000000000000000000e+00,0.000000000000000000e+00,0.000000000000000000e+00,0.000000000000000000e+00,0.000000000000000000e+00,0.000000000000000000e+00,0.000000000000000000e+00,0.000000000000000000e+00,0.000000000000000000e+00,0.000000000000000000e+00,0.000000000000000000e+00,0.000000000000000000e+00,0.000000000000000000e+00,0.000000000000000000e+00,0.000000000000000000e+00,0.000000000000000000e+00,0.000000000000000000e+00,0.000000000000000000e+00,0.000000000000000000e+00,0.000000000000000000e+00,0.000000000000000000e+00,0.000000000000000000e+00,0.000000000000000000e+00,0.000000000000000000e+00,0.000000000000000000e+00,0.000000000000000000e+00,0.000000000000000000e+00,0.000000000000000000e+00,0.000000000000000000e+00,0.000000000000000000e+00,0.000000000000000000e+00,0.000000000000000000e+00,0.000000000000000000e+00
CT_h,0.000000000000000000e+00,0.000000000000000000e+00,0.000000000000000000e+00,0.000000000000000000e+00,0.000000000000000000e+00,0.000000000000000000e+00,0.000000000000000000e+00,0.000000000000000000e+00,0.000000000000000000e+00,0.000000000000000000e+00,0.000000000000000000e+00,0.000000000000000000e+00,0.000000000000000000e+00,0.000000000000000000e+00,0.000000000000000000e+00,0.000000000000000000e+00,0.000000000000000000e+00,0.000000000000000000e+00,0.000000000000000000e+00,0.000000000000000000e+00,0.000000000000000000e+00,0.000000000000000000e+00,0.000000000000000000e+00,0.000000000000000000e+00,0.000000000000000000e+00,0.000000000000000000e+00,0.000000000000000000e+00,0.000000000000000000e+00,0.000000000000000000e+00,0.000000000000000000e+00,0.000000000000000000e+00,0.000000000000000000e+00,0.000000000000000000e+00,0.000000000000000000e+00
Chord,6.559470000000000134e+00,1.078999999999999915e+01,1.502053000000000083e+01,1.925106999999999857e+01,1.925106999999999857e+01,1.502053000000000083e+01,1.078999999999999915e+01,6.559470000000000134e+00,2.128000000000000114e+00,2.684000000000000163e+00,3.240000000000000213e+00,3.795999999999999819e+00,4.352000000000000313e+00,4.352000000000000313e+00,3.795999999999999819e+00,3.240000000000000213e+00,2.684000000000000163e+00,2.128000000000000114e+00,7.136630000000000251e+00,5.568319999999999936e+00,4.000000000000000000e+00,2.431680000000000064e+00,7.136630000000000251e+00,5.568319999999999936e+00,4.000000000000000000e+00,2.431680000000000064e+00,7.136630000000000251e+00,5.568319999999999936e+00,4.000000000000000000e+00,2.431680000000000064e+00,7.136630000000000251e+00,5.568319999999999936e+00,4.000000000000000000e+00,2.431680000000000064e+00
Diameter,0.000000000000000000e+00,0.000000000000000000e+00,0.000000000000000000e+00,0.000000000000000000e+00,0.000000000000000000e+00,0.000000000000000000e+00,0.000000000000000000e+00,0.000000000000000000e+00,0.000000000000000000e+00,0.000000000000000000e+00,0.000000000000000000e+00,0.000000000000000000e+00,0.000000000000000000e+00,0.000000000000000000e+00,0.000000000000000000e+00,0.000000000000000000e+00,0.000000000000000000e+00,0.000000000000000000e+00,0.000000000000000000e+00,0.000000000000000000e+00,0.000000000000000000e+00,0.000000000000000000e+00,0.000000000000000000e+00,0.000000000000000000e+00,0.000000000000000000e+00,0.000000000000000000e+00,0.000000000000000000e+00,0.000000000000000000e+00,0.000000000000000000e+00,0.000000000000000000e+00,0.000000000000000000e+00,0.000000000000000000e+00,0.000000000000000000e+00,0.000000000000000000e+00
ETAP,0.000000000000000000e+00,0.000000000000000000e+00,0.000000000000000000e+00,0.000000000000000000e+00,0.000000000000000000e+00,0.000000000000000000e+00,0.000000000000000000e+00,0.000000000000000000e+00,0.000000000000000000e+00,0.000000000000000000e+00,0.000000000000000000e+00,0.000000000000000000e+00,0.000000000000000000e+00,0.000000000000000000e+00,0.000000000000000000e+00,0.000000000000000000e+00,0.000000000000000000e+00,0.000000000000000000e+00,0.000000000000000000e+00,0.000000000000000000e+00,0.000000000000000000e+00,0.000000000000000000e+00,0.000000000000000000e+00,0.000000000000000000e+00,0.000000000000000000e+00,0.000000000000000000e+00,0.000000000000000000e+00,0.000000000000000000e+00,0.000000000000000000e+00,0.000000000000000000e+00,0.000000000000000000e+00,0.000000000000000000e+00,0.000000000000000000e+00,0.000000000000000000e+00
FC_AoA_,0.000000000000000000e+00
FC_Beta_,0.000000000000000000e+00
FC_Bref_,3.236999999999999744e+01
FC_Cref_,1.438667000000000051e+01
FC_Mach_,1.199999999999999956e+00
FC_Pitch_Rate,0.000000000000000000e+00
FC_Rho_,2.377000000000000206e-03
FC_Roll__Rate,0.000000000000000000e+00
FC_Sref_,3.492722999999999729e+02
FC_Vinf_,1.000000000000000000e+02
FC_Xcg_,2.955000000000000071e+01
FC_Yaw___Rate,0.000000000000000000e+00
FC_Ycg_,0.000000000000000000e+00
FC_Zcg_,0.000000000000000000e+00
FOM,0.000000000000000000e+00,0.000000000000000000e+00,0.000000000000000000e+00,0.000000000000000000e+00,0.000000000000000000e+00,0.000000000000000000e+00,0.000000000000000000e+00,0.000000000000000000e+00,0.000000000000000000e+00,0.000000000000000000e+00,0.000000000000000000e+00,0.000000000000000000e+00,0.000000000000000000e+00,0.000000000000000000e+00,0.000000000000000000e+00,0.000000000000000000e+00,0.000000000000000000e+00,0.000000000000000000e+00,0.000000000000000000e+00,0.000000000000000000e+00,0.000000000000000000e+00,0.000000000000000000e+00,0.000000000000000000e+00,0.000000000000000000e+00,0.000000000000000000e+00,0.000000000000000000e+00,0.000000000000000000e+00,0.000000000000000000e+00,0.000000000000000000e+00,0.000000000000000000e+00,0.000000000000000000e+00,0.000000000000000000e+00,0.000000000000000000e+00,0.000000000000000000e+00
IsARotor,0,0,0,0,0,0,0,0,0,0,0,0,0,0,0,0,0,0,0,0,0,0,0,0,0,0,0,0,0,0,0,0,0,0
Iter,1,1,1,1,1,1,1,1,1,1,1,1,1,1,1,1,1,1,1,1,1,1,1,1,1,1,1,1,1,1,1,1,1,1
J,0.000000000000000000e+00,0.000000000000000000e+00,0.000000000000000000e+00,0.000000000000000000e+00,0.000000000000000000e+00,0.000000000000000000e+00,0.000000000000000000e+00,0.000000000000000000e+00,0.000000000000000000e+00,0.000000000000000000e+00,0.000000000000000000e+00,0.000000000000000000e+00,0.000000000000000000e+00,0.000000000000000000e+00,0.000000000000000000e+00,0.000000000000000000e+00,0.000000000000000000e+00,0.000000000000000000e+00,0.000000000000000000e+00,0.000000000000000000e+00,0.000000000000000000e+00,0.000000000000000000e+00,0.000000000000000000e+00,0.000000000000000000e+00,0.000000000000000000e+00,0.000000000000000000e+00,0.000000000000000000e+00,0.000000000000000000e+00,0.000000000000000000e+00,0.000000000000000000e+00,0.000000000000000000e+00,0.000000000000000000e+00,0.000000000000000000e+00,0.000000000000000000e+00
Moment,0.000000000000000000e+00,0.000000000000000000e+00,0.000000000000000000e+00,0.000000000000000000e+00,0.000000000000000000e+00,0.000000000000000000e+00,0.000000000000000000e+00,0.000000000000000000e+00,0.000000000000000000e+00,0.000000000000000000e+00,0.000000000000000000e+00,0.000000000000000000e+00,0.000000000000000000e+00,0.000000000000000000e+00,0.000000000000000000e+00,0.000000000000000000e+00,0.000000000000000000e+00,0.000000000000000000e+00,0.000000000000000000e+00,0.000000000000000000e+00,0.000000000000000000e+00,0.000000000000000000e+00,0.000000000000000000e+00,0.000000000000000000e+00,0.000000000000000000e+00,0.000000000000000000e+00,0.000000000000000000e+00,0.000000000000000000e+00,0.000000000000000000e+00,0.000000000000000000e+00,0.000000000000000000e+00,0.000000000000000000e+00,0.000000000000000000e+00,0.000000000000000000e+00
Momenti,0.000000000000000000e+00,0.000000000000000000e+00,0.000000000000000000e+00,0.000000000000000000e+00,0.000000000000000000e+00,0.000000000000000000e+00,0.000000000000000000e+00,0.000000000000000000e+00,0.000000000000000000e+00,0.000000000000000000e+00,0.000000000000000000e+00,0.000000000000000000e+00,0.000000000000000000e+00,0.000000000000000000e+00,0.000000000000000000e+00,0.000000000000000000e+00,0.000000000000000000e+00,0.000000000000000000e+00,0.000000000000000000e+00,0.000000000000000000e+00,0.000000000000000000e+00,0.000000000000000000e+00,0.000000000000000000e+00,0.000000000000000000e+00,0.000000000000000000e+00,0.000000000000000000e+00,0.000000000000000000e+00,0.000000000000000000e+00,0.000000000000000000e+00,0.000000000000000000e+00,0.000000000000000000e+00,0.000000000000000000e+00,0.000000000000000000e+00,0.000000000000000000e+00
Momento,0.000000000000000000e+00,0.000000000000000000e+00,0.000000000000000000e+00,0.000000000000000000e+00,0.000000000000000000e+00,0.000000000000000000e+00,0.000000000000000000e+00,0.000000000000000000e+00,0.000000000000000000e+00,0.000000000000000000e+00,0.000000000000000000e+00,0.000000000000000000e+00,0.000000000000000000e+00,0.000000000000000000e+00,0.000000000000000000e+00,0.000000000000000000e+00,0.000000000000000000e+00,0.000000000000000000e+00,0.000000000000000000e+00,0.000000000000000000e+00,0.000000000000000000e+00,0.000000000000000000e+00,0.000000000000000000e+00,0.000000000000000000e+00,0.000000000000000000e+00,0.000000000000000000e+00,0.000000000000000000e+00,0.000000000000000000e+00,0.000000000000000000e+00,0.000000000000000000e+00,0.000000000000000000e+00,0.000000000000000000e+00,0.000000000000000000e+00,0.000000000000000000e+00
Power,0.000000000000000000e+00,0.000000000000000000e+00,0.000000000000000000e+00,0.000000000000000000e+00,0.000000000000000000e+00,0.000000000000000000e+00,0.000000000000000000e+00,0.000000000000000000e+00,0.000000000000000000e+00,0.000000000000000000e+00,0.000000000000000000e+00,0.000000000000000000e+00,0.000000000000000000e+00,0.000000000000000000e+00,0.000000000000000000e+00,0.000000000000000000e+00,0.000000000000000000e+00,0.000000000000000000e+00,0.000000000000000000e+00,0.000000000000000000e+00,0.000000000000000000e+00,0.000000000000000000e+00,0.000000000000000000e+00,0.000000000000000000e+00,0.000000000000000000e+00,0.000000000000000000e+00,0.000000000000000000e+00,0.000000000000000000e+00,0.000000000000000000e+00,0.000000000000000000e+00,0.000000000000000000e+00,0.000000000000000000e+00,0.000000000000000000e+00,0.000000000000000000e+00
Poweri,0.000000000000000000e+00,0.000000000000000000e+00,0.000000000000000000e+00,0.000000000000000000e+00,0.000000000000000000e+00,0.000000000000000000e+00,0.000000000000000000e+00,0.000000000000000000e+00,0.000000000000000000e+00,0.000000000000000000e+00,0.000000000000000000e+00,0.000000000000000000e+00,0.000000000000000000e+00,0.000000000000000000e+00,0.000000000000000000e+00,0.000000000000000000e+00,0.000000000000000000e+00,0.000000000000000000e+00,0.000000000000000000e+00,0.000000000000000000e+00,0.000000000000000000e+00,0.000000000000000000e+00,0.000000000000000000e+00,0.000000000000000000e+00,0.000000000000000000e+00,0.000000000000000000e+00,0.000000000000000000e+00,0.000000000000000000e+00,0.000000000000000000e+00,0.000000000000000000e+00,0.000000000000000000e+00,0.000000000000000000e+00,0.000000000000000000e+00,0.000000000000000000e+00
Powero,0.000000000000000000e+00,0.000000000000000000e+00,0.000000000000000000e+00,0.000000000000000000e+00,0.000000000000000000e+00,0.000000000000000000e+00,0.000000000000000000e+00,0.000000000000000000e+00,0.000000000000000000e+00,0.000000000000000000e+00,0.000000000000000000e+00,0.000000000000000000e+00,0.000000000000000000e+00,0.000000000000000000e+00,0.000000000000000000e+00,0.000000000000000000e+00,0.000000000000000000e+00,0.000000000000000000e+00,0.000000000000000000e+00,0.000000000000000000e+00,0.000000000000000000e+00,0.000000000000000000e+00,0.000000000000000000e+00,0.000000000000000000e+00,0.000000000000000000e+00,0.000000000000000000e+00,0.000000000000000000e+00,0.000000000000000000e+00,0.000000000000000000e+00,0.000000000000000000e+00,0.000000000000000000e+00,0.000000000000000000e+00,0.000000000000000000e+00,0.000000000000000000e+00
RPM,0.000000000000000000e+00,0.000000000000000000e+00,0.000000000000000000e+00,0.000000000000000000e+00,0.000000000000000000e+00,0.000000000000000000e+00,0.000000000000000000e+00,0.000000000000000000e+00,0.000000000000000000e+00,0.000000000000000000e+00,0.000000000000000000e+00,0.000000000000000000e+00,0.000000000000000000e+00,0.000000000000000000e+00,0.000000000000000000e+00,0.000000000000000000e+00,0.000000000000000000e+00,0.000000000000000000e+00,0.000000000000000000e+00,0.000000000000000000e+00,0.000000000000000000e+00,0.000000000000000000e+00,0.000000000000000000e+00,0.000000000000000000e+00,0.000000000000000000e+00,0.000000000000000000e+00,0.000000000000000000e+00,0.000000000000000000e+00,0.000000000000000000e+00,0.000000000000000000e+00,0.000000000000000000e+00,0.000000000000000000e+00,0.000000000000000000e+00,0.000000000000000000e+00
SoverB,1.250000000000000000e-01,2.500000000000000000e-01,3.750000000000000000e-01,5.000000000000000000e-01,6.250000000000000000e-01,7.500000000000000000e-01,8.750000000000000000e-01,1.000000000000000000e+00,1.000000000000000056e-01,2.000000000000000111e-01,2.999999999999999889e-01,4.000000000000000222e-01,5.000000000000000000e-01,5.999999999999999778e-01,6.999999999999999556e-01,8.000000000000000444e-01,9.000000000000000222e-01,1.000000000000000000e+00,2.500000000000000000e-01,5.000000000000000000e-01,7.500000000000000000e-01,1.000000000000000000e+00,2.500000000000000000e-01,5.000000000000000000e-01,7.500000000000000000e-01,1.000000000000000000e+00,2.500000000000000000e-01,5.000000000000000000e-01,7.500000000000000000e-01,1.000000000000000000e+00,2.500000000000000000e-01,5.000000000000000000e-01,7.500000000000000000e-01,1.000000000000000000e+00
StallFact,1.000000000000000000e+00,1.000000000000000000e+00,1.000000000000000000e+00,1.000000000000000000e+00,1.000000000000000000e+00,1.000000000000000000e+00,1.000000000000000000e+00,1.000000000000000000e+00,1.000000000000000000e+00,1.000000000000000000e+00,1.000000000000000000e+00,1.000000000000000000e+00,1.000000000000000000e+00,1.000000000000000000e+00,1.000000000000000000e+00,1.000000000000000000e+00,1.000000000000000000e+00,1.000000000000000000e+00,1.000000000000000000e+00,1.000000000000000000e+00,1.000000000000000000e+00,1.000000000000000000e+00,1.000000000000000000e+00,1.000000000000000000e+00,1.000000000000000000e+00,1.000000000000000000e+00,1.000000000000000000e+00,1.000000000000000000e+00,1.000000000000000000e+00,1.000000000000000000e+00,1.000000000000000000e+00,1.000000000000000000e+00,1.000000000000000000e+00,1.000000000000000000e+00
Thrust,0.000000000000000000e+00,0.000000000000000000e+00,0.000000000000000000e+00,0.000000000000000000e+00,0.000000000000000000e+00,0.000000000000000000e+00,0.000000000000000000e+00,0.000000000000000000e+00,0.000000000000000000e+00,0.000000000000000000e+00,0.000000000000000000e+00,0.000000000000000000e+00,0.000000000000000000e+00,0.000000000000000000e+00,0.000000000000000000e+00,0.000000000000000000e+00,0.000000000000000000e+00,0.000000000000000000e+00,0.000000000000000000e+00,0.000000000000000000e+00,0.000000000000000000e+00,0.000000000000000000e+00,0.000000000000000000e+00,0.000000000000000000e+00,0.000000000000000000e+00,0.000000000000000000e+00,0.000000000000000000e+00,0.000000000000000000e+00,0.000000000000000000e+00,0.000000000000000000e+00,0.000000000000000000e+00,0.000000000000000000e+00,0.000000000000000000e+00,0.000000000000000000e+00
Thrusti,0.000000000000000000e+00,0.000000000000000000e+00,0.000000000000000000e+00,0.000000000000000000e+00,0.000000000000000000e+00,0.000000000000000000e+00,0.000000000000000000e+00,0.000000000000000000e+00,0.000000000000000000e+00,0.000000000000000000e+00,0.000000000000000000e+00,0.000000000000000000e+00,0.000000000000000000e+00,0.000000000000000000e+00,0.000000000000000000e+00,0.000000000000000000e+00,0.000000000000000000e+00,0.000000000000000000e+00,0.000000000000000000e+00,0.000000000000000000e+00,0.000000000000000000e+00,0.000000000000000000e+00,0.000000000000000000e+00,0.000000000000000000e+00,0.000000000000000000e+00,0.000000000000000000e+00,0.000000000000000000e+00,0.000000000000000000e+00,0.000000000000000000e+00,0.000000000000000000e+00,0.000000000000000000e+00,0.000000000000000000e+00,0.000000000000000000e+00,0.000000000000000000e+00
Thrusto,0.000000000000000000e+00,0.000000000000000000e+00,0.000000000000000000e+00,0.000000000000000000e+00,0.000000000000000000e+00,0.000000000000000000e+00,0.000000000000000000e+00,0.000000000000000000e+00,0.000000000000000000e+00,0.000000000000000000e+00,0.000000000000000000e+00,0.000000000000000000e+00,0.000000000000000000e+00,0.000000000000000000e+00,0.000000000000000000e+00,0.000000000000000000e+00,0.000000000000000000e+00,0.000000000000000000e+00,0.000000000000000000e+00,0.000000000000000000e+00,0.000000000000000000e+00,0.000000000000000000e+00,0.000000000000000000e+00,0.000000000000000000e+00,0.000000000000000000e+00,0.000000000000000000e+00,0.000000000000000000e+00,0.000000000000000000e+00,0.000000000000000000e+00,0.000000000000000000e+00,0.000000000000000000e+00,0.000000000000000000e+00,0.000000000000000000e+00,0.000000000000000000e+00
TrailVort,1,2,3,4,5,6,7,8,1,2,3,4,5,6,7,8,9,10,1,2,3,4,1,2,3,4,1,2,3,4,1,2,3,4
Unsteady,0
V/Vref,1.000000000000000000e+00,1.000000000000000000e+00,1.000000000000000000e+00,1.000000000000000000e+00,1.000000000000000000e+00,1.000000000000000000e+00,1.000000000000000000e+00,1.000000000000000000e+00,1.000000000000000000e+00,1.000000000000000000e+00,1.000000000000000000e+00,1.000000000000000000e+00,1.000000000000000000e+00,1.000000000000000000e+00,1.000000000000000000e+00,1.000000000000000000e+00,1.000000000000000000e+00,1.000000000000000000e+00,1.000000000000000000e+00,1.000000000000000000e+00,1.000000000000000000e+00,1.000000000000000000e+00,1.000000000000000000e+00,1.000000000000000000e+00,1.000000000000000000e+00,1.000000000000000000e+00,1.000000000000000000e+00,1.000000000000000000e+00,1.000000000000000000e+00,1.000000000000000000e+00,1.000000000000000000e+00,1.000000000000000000e+00,1.000000000000000000e+00,1.000000000000000000e+00
VortexSheet,1,1,1,1,1,1,1,1,2,2,2,2,2,2,2,2,2,2,3,3,3,3,4,4,4,4,5,5,5,5,6,6,6,6
Xavg,3.896894000000000347e+01,3.888819999999999766e+01,3.880745000000000289e+01,3.872670999999999708e+01,3.872670999999999708e+01,3.880745000000000289e+01,3.888819999999999766e+01,3.896894000000000347e+01,4.392042000000000002e+01,4.430921000000000021e+01,4.469800999999999647e+01,4.508680999999999983e+01,4.547560000000000002e+01,4.547560000000000002e+01,4.508680999999999983e+01,4.469800999999999647e+01,4.430921000000000021e+01,4.392042000000000002e+01,4.382645000000000124e+01,4.381526999999999816e+01,4.380409000000000219e+01,4.379290999999999912e+01,4.382645000000000124e+01,4.381526999999999816e+01,4.380409000000000219e+01,4.379290999999999912e+01,4.382645000000000124e+01,4.381526999999999816e+01,4.380409000000000219e+01,4.379290999999999912e+01,4.382645000000000124e+01,4.381526999999999816e+01,4.380409000000000219e+01,4.379290999999999912e+01
Yavg,1.132949999999999946e+01,8.092499999999999361e+00,4.855500000000000149e+00,1.618500000000000050e+00,-1.618500000000000050e+00,-4.855500000000000149e+00,-8.092499999999999361e+00,-1.132949999999999946e+01,7.280999999999999694e+00,5.663000000000000256e+00,4.044999999999999929e+00,2.427000000000000046e+00,8.090000000000000524e-01,-8.090000000000000524e-01,-2.427000000000000046e+00,-4.044999999999999929e+00,-5.663000000000000256e+00,-7.280999999999999694e+00,8.109999999999999432e+00,8.109999999999999432e+00,8.109999999999999432e+00,8.109999999999999432e+00,8.109999999999999432e+00,8.109999999999999432e+00,8.109999999999999432e+00,8.109999999999999432e+00,-8.109999999999999432e+00,-8.109999999999999432e+00,-8.109999999999999432e+00,-8.109999999999999432e+00,-8.109999999999999432e+00,-8.109999999999999432e+00,-8.109999999999999432e+00,-8.109999999999999432e+00
Zavg,1.899999999999999911e+00,1.899999999999999911e+00,1.899999999999999911e+00,1.899999999999999911e+00,1.899999999999999911e+00,1.899999999999999911e+00,1.899999999999999911e+00,1.899999999999999911e+00,0.000000000000000000e+00,0.000000000000000000e+00,0.000000000000000000e+00,0.000000000000000000e+00,0.000000000000000000e+00,0.000000000000000000e+00,0.000000000000000000e+00,0.000000000000000000e+00,0.000000000000000000e+00,0.000000000000000000e+00,2.310000000000000053e+00,3.089999999999999858e+00,3.870000000000000107e+00,4.650000000000000355e+00,1.489999999999999991e+00,7.099999999999999645e-01,-7.000000000000000666e-02,-8.499999999999999778e-01,2.310000000000000053e+00,3.089999999999999858e+00,3.870000000000000107e+00,4.650000000000000355e+00,1.489999999999999991e+00,7.099999999999999645e-01,-7.000000000000000666e-02,-8.499999999999999778e-01
cd,5.720000000000000258e-03,5.369999999999999774e-03,5.150000000000000064e-03,4.989999999999999644e-03,4.989999999999999644e-03,5.150000000000000064e-03,5.369999999999999774e-03,5.720000000000000258e-03,6.649999999999999661e-03,6.440000000000000412e-03,6.279999999999999992e-03,6.150000000000000085e-03,6.040000000000000230e-03,6.040000000000000230e-03,6.150000000000000085e-03,6.279999999999999992e-03,6.440000000000000412e-03,6.649999999999999661e-03,5.660000000000000100e-03,5.839999999999999705e-03,6.100000000000000387e-03,6.530000000000000214e-03,5.660000000000000100e-03,5.839999999999999705e-03,6.100000000000000387e-03,6.530000000000000214e-03,5.660000000000000100e-03,5.839999999999999705e-03,6.100000000000000387e-03,6.530000000000000214e-03,5.660000000000000100e-03,5.839999999999999705e-03,6.100000000000000387e-03,6.530000000000000214e-03
cd*c/cref,2.607981443933863729e-03,4.027499066844516390e-03,5.376903028984469056e-03,6.677211564594168029e-03,6.677211564594168029e-03,5.376903028984469056e-03,4.027499066844516390e-03,2.607981443933863729e-03,9.836327656087197769e-04,1.201456626168529839e-03,1.414309218186001263e-03,1.622710467397945082e-03,1.827113571104362804e-03,1.827113571104362804e-03,1.622710467397945082e-03,1.414309218186001263e-03,1.201456626168529839e-03,9.836327656087197769e-04,2.807691133528467976e-03,2.260355509648862525e-03,1.696014435585163453e-03,1.103721041769916301e-03,2.807691133528467976e-03,2.260355509648862525e-03,1.696014435585163453e-03,1.103721041769916301e-03,2.807691133528467976e-03,2.260355509648862525e-03,1.696014435585163453e-03,1.103721041769916301e-03,2.807691133528467976e-03,2.260355509648862525e-03,1.696014435585163453e-03,1.103721041769916301e-03
cdi,0.000000000000000000e+00,0.000000000000000000e+00,0.000000000000000000e+00,0.000000000000000000e+00,0.000000000000000000e+00,0.000000000000000000e+00,0.000000000000000000e+00,0.000000000000000000e+00,0.000000000000000000e+00,0.000000000000000000e+00,0.000000000000000000e+00,0.000000000000000000e+00,0.000000000000000000e+00,0.000000000000000000e+00,0.000000000000000000e+00,0.000000000000000000e+00,0.000000000000000000e+00,0.000000000000000000e+00,0.000000000000000000e+00,0.000000000000000000e+00,0.000000000000000000e+00,0.000000000000000000e+00,0.000000000000000000e+00,0.000000000000000000e+00,0.000000000000000000e+00,0.000000000000000000e+00,0.000000000000000000e+00,0.000000000000000000e+00,0.000000000000000000e+00,0.000000000000000000e+00,0.000000000000000000e+00,0.000000000000000000e+00,0.000000000000000000e+00,0.000000000000000000e+00
cdi*c/cref,0.000000000000000000e+00,0.000000000000000000e+00,0.000000000000000000e+00,0.000000000000000000e+00,0.000000000000000000e+00,0.000000000000000000e+00,0.000000000000000000e+00,0.000000000000000000e+00,0.000000000000000000e+00,0.000000000000000000e+00,0.000000000000000000e+00,0.000000000000000000e+00,0.000000000000000000e+00,0.000000000000000000e+00,0.000000000000000000e+00,0.000000000000000000e+00,0.000000000000000000e+00,0.000000000000000000e+00,0.000000000000000000e+00,0.000000000000000000e+00,0.000000000000000000e+00,0.000000000000000000e+00,0.000000000000000000e+00,0.000000000000000000e+00,0.000000000000000000e+00,0.000000000000000000e+00,0.000000000000000000e+00,0.000000000000000000e+00,0.000000000000000000e+00,0.000000000000000000e+00,0.000000000000000000e+00,0.000000000000000000e+00,0.000000000000000000e+00,0.000000000000000000e+00
cdo,5.720000000000000258e-03,5.369999999999999774e-03,5.150000000000000064e-03,4.989999999999999644e-03,4.989999999999999644e-03,5.150000000000000064e-03,5.369999999999999774e-03,5.720000000000000258e-03,6.649999999999999661e-03,6.440000000000000412e-03,6.279999999999999992e-03,6.150000000000000085e-03,6.040000000000000230e-03,6.040000000000000230e-03,6.150000000000000085e-03,6.279999999999999992e-03,6.440000000000000412e-03,6.649999999999999661e-03,5.660000000000000100e-03,5.839999999999999705e-03,6.100000000000000387e-03,6.530000000000000214e-03,5.660000000000000100e-03,5.839999999999999705e-03,6.100000000000000387e-03,6.530000000000000214e-03,5.660000000000000100e-03,5.839999999999999705e-03,6.100000000000000387e-03,6.530000000000000214e-03,5.660000000000000100e-03,5.839999999999999705e-03,6.100000000000000387e-03,6.530000000000000214e-03
cdo*c/cref,2.607981443933863729e-03,4.027499066844516390e-03,5.376903028984469056e-03,6.677211564594168029e-03,6.677211564594168029e-03,5.376903028984469056e-03,4.027499066844516390e-03,2.607981443933863729e-03,9.836327656087197769e-04,1.201456626168529839e-03,1.414309218186001263e-03,1.622710467397945082e-03,1.827113571104362804e-03,1.827113571104362804e-03,1.622710467397945082e-03,1.414309218186001263e-03,1.201456626168529839e-03,9.836327656087197769e-04,2.807691133528467976e-03,2.260355509648862525e-03,1.696014435585163453e-03,1.103721041769916301e-03,2.807691133528467976e-03,2.260355509648862525e-03,1.696014435585163453e-03,1.103721041769916301e-03,2.807691133528467976e-03,2.260355509648862525e-03,1.696014435585163453e-03,1.103721041769916301e-03,2.807691133528467976e-03,2.260355509648862525e-03,1.696014435585163453e-03,1.103721041769916301e-03
cl,0.000000000000000000e+00,0.000000000000000000e+00,0.000000000000000000e+00,0.000000000000000000e+00,0.000000000000000000e+00,0.000000000000000000e+00,0.000000000000000000e+00,0.000000000000000000e+00,0.000000000000000000e+00,0.000000000000000000e+00,0.000000000000000000e+00,0.000000000000000000e+00,0.000000000000000000e+00,0.000000000000000000e+00,0.000000000000000000e+00,0.000000000000000000e+00,0.000000000000000000e+00,0.000000000000000000e+00,0.000000000000000000e+00,0.000000000000000000e+00,0.000000000000000000e+00,0.000000000000000000e+00,0.000000000000000000e+00,0.000000000000000000e+00,0.000000000000000000e+00,0.000000000000000000e+00,0.000000000000000000e+00,0.000000000000000000e+00,0.000000000000000000e+00,0.000000000000000000e+00,0.000000000000000000e+00,0.000000000000000000e+00,0.000000000000000000e+00,0.000000000000000000e+00
cl*c/cref,0.000000000000000000e+00,0.000000000000000000e+00,0.000000000000000000e+00,0.000000000000000000e+00,0.000000000000000000e+00,0.000000000000000000e+00,0.000000000000000000e+00,0.000000000000000000e+00,0.000000000000000000e+00,0.000000000000000000e+00,0.000000000000000000e+00,0.000000000000000000e+00,0.000000000000000000e+00,0.000000000000000000e+00,0.000000000000000000e+00,0.000000000000000000e+00,0.000000000000000000e+00,0.000000000000000000e+00,0.000000000000000000e+00,0.000000000000000000e+00,0.000000000000000000e+00,0.000000000000000000e+00,0.000000000000000000e+00,0.000000000000000000e+00,0.000000000000000000e+00,0.000000000000000000e+00,0.000000000000000000e+00,0.000000000000000000e+00,0.000000000000000000e+00,0.000000000000000000e+00,0.000000000000000000e+00,0.000000000000000000e+00,0.000000000000000000e+00,0.000000000000000000e+00
cli,0.000000000000000000e+00,0.000000000000000000e+00,0.000000000000000000e+00,0.000000000000000000e+00,0.000000000000000000e+00,0.000000000000000000e+00,0.000000000000000000e+00,0.000000000000000000e+00,0.000000000000000000e+00,0.000000000000000000e+00,0.000000000000000000e+00,0.000000000000000000e+00,0.000000000000000000e+00,0.000000000000000000e+00,0.000000000000000000e+00,0.000000000000000000e+00,0.000000000000000000e+00,0.000000000000000000e+00,0.000000000000000000e+00,0.000000000000000000e+00,0.000000000000000000e+00,0.000000000000000000e+00,0.000000000000000000e+00,0.000000000000000000e+00,0.000000000000000000e+00,0.000000000000000000e+00,0.000000000000000000e+00,0.000000000000000000e+00,0.000000000000000000e+00,0.000000000000000000e+00,0.000000000000000000e+00,0.000000000000000000e+00,0.000000000000000000e+00,0.000000000000000000e+00
cli*c/cref,0.000000000000000000e+00,0.000000000000000000e+00,0.000000000000000000e+00,0.000000000000000000e+00,0.000000000000000000e+00,0.000000000000000000e+00,0.000000000000000000e+00,0.000000000000000000e+00,0.000000000000000000e+00,0.000000000000000000e+00,0.000000000000000000e+00,0.000000000000000000e+00,0.000000000000000000e+00,0.000000000000000000e+00,0.000000000000000000e+00,0.000000000000000000e+00,0.000000000000000000e+00,0.000000000000000000e+00,0.000000000000000000e+00,0.000000000000000000e+00,0.000000000000000000e+00,0.000000000000000000e+00,0.000000000000000000e+00,0.000000000000000000e+00,0.000000000000000000e+00,0.000000000000000000e+00,0.000000000000000000e+00,0.000000000000000000e+00,0.000000000000000000e+00,0.000000000000000000e+00,0.000000000000000000e+00,0.000000000000000000e+00,0.000000000000000000e+00,0.000000000000000000e+00
clo,0.000000000000000000e+00,0.000000000000000000e+00,0.000000000000000000e+00,0.000000000000000000e+00,0.000000000000000000e+00,0.000000000000000000e+00,0.000000000000000000e+00,0.000000000000000000e+00,0.000000000000000000e+00,0.000000000000000000e+00,0.000000000000000000e+00,0.000000000000000000e+00,0.000000000000000000e+00,0.000000000000000000e+00,0.000000000000000000e+00,0.000000000000000000e+00,0.000000000000000000e+00,0.000000000000000000e+00,0.000000000000000000e+00,0.000000000000000000e+00,0.000000000000000000e+00,0.000000000000000000e+00,0.000000000000000000e+00,0.000000000000000000e+00,0.000000000000000000e+00,0.000000000000000000e+00,0.000000000000000000e+00,0.000000000000000000e+00,0.000000000000000000e+00,0.000000000000000000e+00,0.000000000000000000e+00,0.000000000000000000e+00,0.000000000000000000e+00,0.000000000000000000e+00
clo*c/cref,0.000000000000000000e+00,0.000000000000000000e+00,0.000000000000000000e+00,0.000000000000000000e+00,0.000000000000000000e+00,0.000000000000000000e+00,0.000000000000000000e+00,0.000000000000000000e+00,0.000000000000000000e+00,0.000000000000000000e+00,0.000000000000000000e+00,0.000000000000000000e+00,0.000000000000000000e+00,0.000000000000000000e+00,0.000000000000000000e+00,0.000000000000000000e+00,0.000000000000000000e+00,0.000000000000000000e+00,0.000000000000000000e+00,0.000000000000000000e+00,0.000000000000000000e+00,0.000000000000000000e+00,0.000000000000000000e+00,0.000000000000000000e+00,0.000000000000000000e+00,0.000000000000000000e+00,0.000000000000000000e+00,0.000000000000000000e+00,0.000000000000000000e+00,0.000000000000000000e+00,0.000000000000000000e+00,0.000000000000000000e+00,0.000000000000000000e+00,0.000000000000000000e+00
cmx,0.000000000000000000e+00,0.000000000000000000e+00,0.000000000000000000e+00,0.000000000000000000e+00,0.000000000000000000e+00,0.000000000000000000e+00,0.000000000000000000e+00,0.000000000000000000e+00,0.000000000000000000e+00,0.000000000000000000e+00,0.000000000000000000e+00,0.000000000000000000e+00,0.000000000000000000e+00,0.000000000000000000e+00,0.000000000000000000e+00,0.000000000000000000e+00,0.000000000000000000e+00,0.000000000000000000e+00,0.000000000000000000e+00,0.000000000000000000e+00,0.000000000000000000e+00,0.000000000000000000e+00,0.000000000000000000e+00,0.000000000000000000e+00,0.000000000000000000e+00,0.000000000000000000e+00,0.000000000000000000e+00,0.000000000000000000e+00,0.000000000000000000e+00,0.000000000000000000e+00,0.000000000000000000e+00,0.000000000000000000e+00,0.000000000000000000e+00,0.000000000000000000e+00
cmx*c/cref,0.000000000000000000e+00,0.000000000000000000e+00,0.000000000000000000e+00,0.000000000000000000e+00,0.000000000000000000e+00,0.000000000000000000e+00,0.000000000000000000e+00,0.000000000000000000e+00,0.000000000000000000e+00,0.000000000000000000e+00,0.000000000000000000e+00,0.000000000000000000e+00,0.000000000000000000e+00,0.000000000000000000e+00,0.000000000000000000e+00,0.000000000000000000e+00,0.000000000000000000e+00,0.000000000000000000e+00,0.000000000000000000e+00,0.000000000000000000e+00,0.000000000000000000e+00,0.000000000000000000e+00,0.000000000000000000e+00,0.000000000000000000e+00,0.000000000000000000e+00,0.000000000000000000e+00,0.000000000000000000e+00,0.000000000000000000e+00,0.000000000000000000e+00,0.000000000000000000e+00,0.000000000000000000e+00,0.000000000000000000e+00,0.000000000000000000e+00,0.000000000000000000e+00
cmxi,0.000000000000000000e+00,0.000000000000000000e+00,0.000000000000000000e+00,0.000000000000000000e+00,0.000000000000000000e+00,0.000000000000000000e+00,0.000000000000000000e+00,0.000000000000000000e+00,0.000000000000000000e+00,0.000000000000000000e+00,0.000000000000000000e+00,0.000000000000000000e+00,0.000000000000000000e+00,0.000000000000000000e+00,0.000000000000000000e+00,0.000000000000000000e+00,0.000000000000000000e+00,0.000000000000000000e+00,0.000000000000000000e+00,0.000000000000000000e+00,0.000000000000000000e+00,0.000000000000000000e+00,0.000000000000000000e+00,0.000000000000000000e+00,0.000000000000000000e+00,0.000000000000000000e+00,0.000000000000000000e+00,0.000000000000000000e+00,0.000000000000000000e+00,0.000000000000000000e+00,0.000000000000000000e+00,0.000000000000000000e+00,0.000000000000000000e+00,0.000000000000000000e+00
cmxi*c/cref,0.000000000000000000e+00,0.000000000000000000e+00,0.000000000000000000e+00,0.000000000000000000e+00,0.000000000000000000e+00,0.000000000000000000e+00,0.000000000000000000e+00,0.000000000000000000e+00,0.000000000000000000e+00,0.000000000000000000e+00,0.000000000000000000e+00,0.000000000000000000e+00,0.000000000000000000e+00,0.000000000000000000e+00,0.000000000000000000e+00,0.000000000000000000e+00,0.000000000000000000e+00,0.000000000000000000e+00,0.000000000000000000e+00,0.000000000000000000e+00,0.000000000000000000e+00,0.000000000000000000e+00,0.000000000000000000e+00,0.000000000000000000e+00,0.000000000000000000e+00,0.000000000000000000e+00,0.000000000000000000e+00,0.000000000000000000e+00,0.000000000000000000e+00,0.000000000000000000e+00,0.000000000000000000e+00,0.000000000000000000e+00,0.000000000000000000e+00,0.000000000000000000e+00
cmxo,0.000000000000000000e+00,0.000000000000000000e+00,0.000000000000000000e+00,0.000000000000000000e+00,-0.000000000000000000e+00,-0.000000000000000000e+00,-0.000000000000000000e+00,-0.000000000000000000e+00,0.000000000000000000e+00,0.000000000000000000e+00,0.000000000000000000e+00,0.000000000000000000e+00,0.000000000000000000e+00,-0.000000000000000000e+00,-0.000000000000000000e+00,-0.000000000000000000e+00,-0.000000000000000000e+00,-0.000000000000000000e+00,0.000000000000000000e+00,0.000000000000000000e+00,0.000000000000000000e+00,0.000000000000000000e+00,0.000000000000000000e+00,0.000000000000000000e+00,0.000000000000000000e+00,0.000000000000000000e+00,-0.000000000000000000e+00,-0.000000000000000000e+00,-0.000000000000000000e+00,-0.000000000000000000e+00,-0.000000000000000000e+00,-0.000000000000000000e+00,0.000000000000000000e+00,0.000000000000000000e+00
cmxo*c/cref,0.000000000000000000e+00,0.000000000000000000e+00,0.000000000000000000e+00,0.000000000000000000e+00,-0.000000000000000000e+00,-0.000000000000000000e+00,-0.000000000000000000e+00,-0.000000000000000000e+00,0.000000000000000000e+00,0.000000000000000000e+00,0.000000000000000000e+00,0.000000000000000000e+00,0.000000000000000000e+00,-0.000000000000000000e+00,-0.000000000000000000e+00,-0.000000000000000000e+00,-0.000000000000000000e+00,-0.000000000000000000e+00,0.000000000000000000e+00,0.000000000000000000e+00,0.000000000000000000e+00,0.000000000000000000e+00,0.000000000000000000e+00,0.000000000000000000e+00,0.000000000000000000e+00,0.000000000000000000e+00,-0.000000000000000000e+00,-0.000000000000000000e+00,-0.000000000000000000e+00,-0.000000000000000000e+00,-0.000000000000000000e+00,-0.000000000000000000e+00,0.000000000000000000e+00,0.000000000000000000e+00
cmy,1.660000000000000017e-03,9.499999999999999981e-04,6.499999999999999702e-04,4.899999999999999842e-04,4.899999999999999842e-04,6.499999999999999702e-04,9.499999999999999981e-04,1.660000000000000017e-03,0.000000000000000000e+00,0.000000000000000000e+00,0.000000000000000000e+00,0.000000000000000000e+00,0.000000000000000000e+00,0.000000000000000000e+00,0.000000000000000000e+00,0.000000000000000000e+00,0.000000000000000000e+00,0.000000000000000000e+00,1.830000000000000029e-03,3.239999999999999825e-03,5.910000000000000323e-03,1.247999999999999977e-02,1.180000000000000059e-03,7.500000000000000156e-04,-1.100000000000000039e-04,-2.279999999999999909e-03,1.830000000000000029e-03,3.239999999999999825e-03,5.910000000000000323e-03,1.247999999999999977e-02,1.180000000000000059e-03,7.500000000000000156e-04,-1.100000000000000039e-04,-2.279999999999999909e-03
cmy*c/cref,7.568617477150723152e-04,7.124998349166275979e-04,6.786382463766805215e-04,6.556780895092470529e-04,6.556780895092470529e-04,6.786382463766805215e-04,7.124998349166275979e-04,7.568617477150723152e-04,0.000000000000000000e+00,0.000000000000000000e+00,0.000000000000000000e+00,0.000000000000000000e+00,0.000000000000000000e+00,0.000000000000000000e+00,0.000000000000000000e+00,0.000000000000000000e+00,0.000000000000000000e+00,0.000000000000000000e+00,9.077870626072608072e-04,1.254032851243546982e-03,1.643187756443986172e-03,2.109408667884924132e-03,5.853490349052283210e-04,2.902853822323025481e-04,-3.058386687120786119e-05,-3.853727374020534096e-04,9.077870626072608072e-04,1.254032851243546982e-03,1.643187756443986172e-03,2.109408667884924132e-03,5.853490349052283210e-04,2.902853822323025481e-04,-3.058386687120786119e-05,-3.853727374020534096e-04
cmyi,0.000000000000000000e+00,0.000000000000000000e+00,0.000000000000000000e+00,0.000000000000000000e+00,0.000000000000000000e+00,0.000000000000000000e+00,0.000000000000000000e+00,0.000000000000000000e+00,0.000000000000000000e+00,0.000000000000000000e+00,0.000000000000000000e+00,0.000000000000000000e+00,0.000000000000000000e+00,0.000000000000000000e+00,0.000000000000000000e+00,0.000000000000000000e+00,0.000000000000000000e+00,0.000000000000000000e+00,0.000000000000000000e+00,0.000000000000000000e+00,0.000000000000000000e+00,0.000000000000000000e+00,0.000000000000000000e+00,0.000000000000000000e+00,0.000000000000000000e+00,0.000000000000000000e+00,0.000000000000000000e+00,0.000000000000000000e+00,0.000000000000000000e+00,0.000000000000000000e+00,0.000000000000000000e+00,0.000000000000000000e+00,0.000000000000000000e+00,0.000000000000000000e+00
cmyi*c/cref,0.000000000000000000e+00,0.000000000000000000e+00,0.000000000000000000e+00,0.000000000000000000e+00,0.000000000000000000e+00,0.000000000000000000e+00,0.000000000000000000e+00,0.000000000000000000e+00,0.000000000000000000e+00,0.000000000000000000e+00,0.000000000000000000e+00,0.000000000000000000e+00,0.000000000000000000e+00,0.000000000000000000e+00,0.000000000000000000e+00,0.000000000000000000e+00,0.000000000000000000e+00,0.000000000000000000e+00,0.000000000000000000e+00,0.000000000000000000e+00,0.000000000000000000e+00,0.000000000000000000e+00,0.000000000000000000e+00,0.000000000000000000e+00,0.000000000000000000e+00,0.000000000000000000e+00,0.000000000000000000e+00,0.000000000000000000e+00,0.000000000000000000e+00,0.000000000000000000e+00,0.000000000000000000e+00,0.000000000000000000e+00,0.000000000000000000e+00,0.000000000000000000e+00
cmyo,1.660000000000000017e-03,9.499999999999999981e-04,6.499999999999999702e-04,4.899999999999999842e-04,4.899999999999999842e-04,6.499999999999999702e-04,9.499999999999999981e-04,1.660000000000000017e-03,0.000000000000000000e+00,0.000000000000000000e+00,0.000000000000000000e+00,0.000000000000000000e+00,0.000000000000000000e+00,0.000000000000000000e+00,0.000000000000000000e+00,0.000000000000000000e+00,0.000000000000000000e+00,0.000000000000000000e+00,1.830000000000000029e-03,3.239999999999999825e-03,5.910000000000000323e-03,1.247999999999999977e-02,1.180000000000000059e-03,7.500000000000000156e-04,-1.100000000000000039e-04,-2.279999999999999909e-03,1.830000000000000029e-03,3.239999999999999825e-03,5.910000000000000323e-03,1.247999999999999977e-02,1.180000000000000059e-03,7.500000000000000156e-04,-1.100000000000000039e-04,-2.279999999999999909e-03
cmyo*c/cref,7.568617477150723152e-04,7.124998349166275979e-04,6.786382463766805215e-04,6.556780895092470529e-04,6.556780895092470529e-04,6.786382463766805215e-04,7.124998349166275979e-04,7.568617477150723152e-04,0.000000000000000000e+00,0.000000000000000000e+00,0.000000000000000000e+00,0.000000000000000000e+00,0.000000000000000000e+00,0.000000000000000000e+00,0.000000000000000000e+00,0.000000000000000000e+00,0.000000000000000000e+00,0.000000000000000000e+00,9.077870626072608072e-04,1.254032851243546982e-03,1.643187756443986172e-03,2.109408667884924132e-03,5.853490349052283210e-04,2.902853822323025481e-04,-3.058386687120786119e-05,-3.853727374020534096e-04,9.077870626072608072e-04,1.254032851243546982e-03,1.643187756443986172e-03,2.109408667884924132e-03,5.853490349052283210e-04,2.902853822323025481e-04,-3.058386687120786119e-05,-3.853727374020534096e-04
cmz,-9.879999999999999893e-03,-4.029999999999999728e-03,-1.660000000000000017e-03,-4.200000000000000174e-04,4.200000000000000174e-04,1.660000000000000017e-03,4.029999999999999728e-03,9.879999999999999893e-03,-2.273999999999999980e-02,-1.358999999999999965e-02,-7.839999999999999747e-03,-3.930000000000000333e-03,-1.119999999999999902e-03,1.119999999999999902e-03,3.930000000000000333e-03,7.839999999999999747e-03,1.358999999999999965e-02,2.273999999999999980e-02,-6.429999999999999952e-03,-8.510000000000000203e-03,-1.237000000000000079e-02,-2.176000000000000156e-02,-6.429999999999999952e-03,-8.510000000000000203e-03,-1.237000000000000079e-02,-2.176000000000000156e-02,6.429999999999999952e-03,8.510000000000000203e-03,1.237000000000000079e-02,2.176000000000000156e-02,6.429999999999999952e-03,8.510000000000000203e-03,1.237000000000000079e-02,2.176000000000000156e-02
cmz*c/cref,-4.504695221340310196e-03,-3.022499299698957163e-03,-1.733137675361984265e-03,-5.620097910079260763e-04,5.620097910079260763e-04,1.733137675361984265e-03,3.022499299698957163e-03,4.504695221340310196e-03,-3.363580314277035948e-03,-2.535371979756260736e-03,-1.765634437990167222e-03,-1.036951566971369958e-03,-3.388025164961731687e-04,3.388025164961731687e-04,1.036951566971369958e-03,1.765634437990167222e-03,2.535371979756260736e-03,3.363580314277035948e-03,-3.189656181729337223e-03,-3.293771470395859442e-03,-3.439294847244011785e-03,-3.677943318363457916e-03,-3.189656181729337223e-03,-3.293771470395859442e-03,-3.439294847244011785e-03,-3.677943318363457916e-03,3.189656181729337223e-03,3.293771470395859442e-03,3.439294847244011785e-03,3.677943318363457916e-03,3.189656181729337223e-03,3.293771470395859442e-03,3.439294847244011785e-03,3.677943318363457916e-03
cmzi,0.000000000000000000e+00,0.000000000000000000e+00,0.000000000000000000e+00,0.000000000000000000e+00,0.000000000000000000e+00,0.000000000000000000e+00,0.000000000000000000e+00,0.000000000000000000e+00,0.000000000000000000e+00,0.000000000000000000e+00,0.000000000000000000e+00,0.000000000000000000e+00,0.000000000000000000e+00,0.000000000000000000e+00,0.000000000000000000e+00,0.000000000000000000e+00,0.000000000000000000e+00,0.000000000000000000e+00,0.000000000000000000e+00,0.000000000000000000e+00,0.000000000000000000e+00,0.000000000000000000e+00,0.000000000000000000e+00,0.000000000000000000e+00,0.000000000000000000e+00,0.000000000000000000e+00,0.000000000000000000e+00,0.000000000000000000e+00,0.000000000000000000e+00,0.000000000000000000e+00,0.000000000000000000e+00,0.000000000000000000e+00,0.000000000000000000e+00,0.000000000000000000e+00
cmzi*c/cref,0.000000000000000000e+00,0.000000000000000000e+00,0.000000000000000000e+00,0.000000000000000000e+00,0.000000000000000000e+00,0.000000000000000000e+00,0.000000000000000000e+00,0.000000000000000000e+00,0.000000000000000000e+00,0.000000000000000000e+00,0.000000000000000000e+00,0.000000000000000000e+00,0.000000000000000000e+00,0.000000000000000000e+00,0.000000000000000000e+00,0.000000000000000000e+00,0.000000000000000000e+00,0.000000000000000000e+00,0.000000000000000000e+00,0.000000000000000000e+00,0.000000000000000000e+00,0.000000000000000000e+00,0.000000000000000000e+00,0.000000000000000000e+00,0.000000000000000000e+00,0.000000000000000000e+00,0.000000000000000000e+00,0.000000000000000000e+00,0.000000000000000000e+00,0.000000000000000000e+00,0.000000000000000000e+00,0.000000000000000000e+00,0.000000000000000000e+00,0.000000000000000000e+00
cmzo,-9.879999999999999893e-03,-4.029999999999999728e-03,-1.660000000000000017e-03,-4.200000000000000174e-04,4.200000000000000174e-04,1.660000000000000017e-03,4.029999999999999728e-03,9.879999999999999893e-03,-2.273999999999999980e-02,-1.358999999999999965e-02,-7.839999999999999747e-03,-3.930000000000000333e-03,-1.119999999999999902e-03,1.119999999999999902e-03,3.930000000000000333e-03,7.839999999999999747e-03,1.358999999999999965e-02,2.273999999999999980e-02,-6.429999999999999952e-03,-8.510000000000000203e-03,-1.237000000000000079e-02,-2.176000000000000156e-02,-6.429999999999999952e-03,-8.510000000000000203e-03,-1.237000000000000079e-02,-2.176000000000000156e-02,6.429999999999999952e-03,8.510000000000000203e-03,1.237000000000000079e-02,2.176000000000000156e-02,6.429999999999999952e-03,8.510000000000000203e-03,1.237000000000000079e-02,2.176000000000000156e-02
cmzo*c/cref,-4.504695221340310196e-03,-3.022499299698957163e-03,-1.733137675361984265e-03,-5.620097910079260763e-04,5.620097910079260763e-04,1.733137675361984265e-03,3.022499299698957163e-03,4.504695221340310196e-03,-3.363580314277035948e-03,-2.535371979756260736e-03,-1.765634437990167222e-03,-1.036951566971369958e-03,-3.388025164961731687e-04,3.388025164961731687e-04,1.036951566971369958e-03,1.765634437990167222e-03,2.535371979756260736e-03,3.363580314277035948e-03,-3.189656181729337223e-03,-3.293771470395859442e-03,-3.439294847244011785e-03,-3.677943318363457916e-03,-3.189656181729337223e-03,-3.293771470395859442e-03,-3.439294847244011785e-03,-3.677943318363457916e-03,3.189656181729337223e-03,3.293771470395859442e-03,3.439294847244011785e-03,3.677943318363457916e-03,3.189656181729337223e-03,3.293771470395859442e-03,3.439294847244011785e-03,3.677943318363457916e-03
cs,0.000000000000000000e+00,0.000000000000000000e+00,0.000000000000000000e+00,0.000000000000000000e+00,0.000000000000000000e+00,0.000000000000000000e+00,0.000000000000000000e+00,0.000000000000000000e+00,0.000000000000000000e+00,0.000000000000000000e+00,0.000000000000000000e+00,0.000000000000000000e+00,0.000000000000000000e+00,0.000000000000000000e+00,0.000000000000000000e+00,0.000000000000000000e+00,0.000000000000000000e+00,0.000000000000000000e+00,0.000000000000000000e+00,0.000000000000000000e+00,0.000000000000000000e+00,0.000000000000000000e+00,0.000000000000000000e+00,0.000000000000000000e+00,0.000000000000000000e+00,0.000000000000000000e+00,0.000000000000000000e+00,0.000000000000000000e+00,0.000000000000000000e+00,0.000000000000000000e+00,0.000000000000000000e+00,0.000000000000000000e+00,0.000000000000000000e+00,0.000000000000000000e+00
cs*c/cref,0.000000000000000000e+00,0.000000000000000000e+00,0.000000000000000000e+00,0.000000000000000000e+00,0.000000000000000000e+00,0.000000000000000000e+00,0.000000000000000000e+00,0.000000000000000000e+00,0.000000000000000000e+00,0.000000000000000000e+00,0.000000000000000000e+00,0.000000000000000000e+00,0.000000000000000000e+00,0.000000000000000000e+00,0.000000000000000000e+00,0.000000000000000000e+00,0.000000000000000000e+00,0.000000000000000000e+00,0.000000000000000000e+00,0.000000000000000000e+00,0.000000000000000000e+00,0.000000000000000000e+00,0.000000000000000000e+00,0.000000000000000000e+00,0.000000000000000000e+00,0.000000000000000000e+00,0.000000000000000000e+00,0.000000000000000000e+00,0.000000000000000000e+00,0.000000000000000000e+00,0.000000000000000000e+00,0.000000000000000000e+00,0.000000000000000000e+00,0.000000000000000000e+00
csi,0.000000000000000000e+00,0.000000000000000000e+00,0.000000000000000000e+00,0.000000000000000000e+00,0.000000000000000000e+00,0.000000000000000000e+00,0.000000000000000000e+00,0.000000000000000000e+00,0.000000000000000000e+00,0.000000000000000000e+00,0.000000000000000000e+00,0.000000000000000000e+00,0.000000000000000000e+00,0.000000000000000000e+00,0.000000000000000000e+00,0.000000000000000000e+00,0.000000000000000000e+00,0.000000000000000000e+00,0.000000000000000000e+00,0.000000000000000000e+00,0.000000000000000000e+00,0.000000000000000000e+00,0.000000000000000000e+00,0.000000000000000000e+00,0.000000000000000000e+00,0.000000000000000000e+00,0.000000000000000000e+00,0.000000000000000000e+00,0.000000000000000000e+00,0.000000000000000000e+00,0.000000000000000000e+00,0.000000000000000000e+00,0.000000000000000000e+00,0.000000000000000000e+00
csi*c/cref,0.000000000000000000e+00,0.000000000000000000e+00,0.000000000000000000e+00,0.000000000000000000e+00,0.000000000000000000e+00,0.000000000000000000e+00,0.000000000000000000e+00,0.000000000000000000e+00,0.000000000000000000e+00,0.000000000000000000e+00,0.000000000000000000e+00,0.000000000000000000e+00,0.000000000000000000e+00,0.000000000000000000e+00,0.000000000000000000e+00,0.000000000000000000e+00,0.000000000000000000e+00,0.000000000000000000e+00,0.000000000000000000e+00,0.000000000000000000e+00,0.000000000000000000e+00,0.000000000000000000e+00,0.000000000000000000e+00,0.000000000000000000e+00,0.000000000000000000e+00,0.000000000000000000e+00,0.000000000000000000e+00,0.000000000000000000e+00,0.000000000000000000e+00,0.000000000000000000e+00,0.000000000000000000e+00,0.000000000000000000e+00,0.000000000000000000e+00,0.000000000000000000e+00
cso,0.000000000000000000e+00,0.000000000000000000e+00,0.000000000000000000e+00,0.000000000000000000e+00,0.000000000000000000e+00,0.000000000000000000e+00,0.000000000000000000e+00,0.000000000000000000e+00,0.000000000000000000e+00,0.000000000000000000e+00,0.000000000000000000e+00,0.000000000000000000e+00,0.000000000000000000e+00,0.000000000000000000e+00,0.000000000000000000e+00,0.000000000000000000e+00,0.000000000000000000e+00,0.000000000000000000e+00,0.000000000000000000e+00,0.000000000000000000e+00,0.000000000000000000e+00,0.000000000000000000e+00,0.000000000000000000e+00,0.000000000000000000e+00,0.000000000000000000e+00,0.000000000000000000e+00,0.000000000000000000e+00,0.000000000000000000e+00,0.000000000000000000e+00,0.000000000000000000e+00,0.000000000000000000e+00,0.000000000000000000e+00,0.000000000000000000e+00,0.000000000000000000e+00
cso*c/cref,0.000000000000000000e+00,0.000000000000000000e+00,0.000000000000000000e+00,0.000000000000000000e+00,0.000000000000000000e+00,0.000000000000000000e+00,0.000000000000000000e+00,0.000000000000000000e+00,0.000000000000000000e+00,0.000000000000000000e+00,0.000000000000000000e+00,0.000000000000000000e+00,0.000000000000000000e+00,0.000000000000000000e+00,0.000000000000000000e+00,0.000000000000000000e+00,0.000000000000000000e+00,0.000000000000000000e+00,0.000000000000000000e+00,0.000000000000000000e+00,0.000000000000000000e+00,0.000000000000000000e+00,0.000000000000000000e+00,0.000000000000000000e+00,0.000000000000000000e+00,0.000000000000000000e+00,0.000000000000000000e+00,0.000000000000000000e+00,0.000000000000000000e+00,0.000000000000000000e+00,0.000000000000000000e+00,0.000000000000000000e+00,0.000000000000000000e+00,0.000000000000000000e+00
cx,5.720000000000000258e-03,5.369999999999999774e-03,5.150000000000000064e-03,4.989999999999999644e-03,4.989999999999999644e-03,5.150000000000000064e-03,5.369999999999999774e-03,5.720000000000000258e-03,6.649999999999999661e-03,6.440000000000000412e-03,6.279999999999999992e-03,6.150000000000000085e-03,6.040000000000000230e-03,6.040000000000000230e-03,6.150000000000000085e-03,6.279999999999999992e-03,6.440000000000000412e-03,6.649999999999999661e-03,5.660000000000000100e-03,5.839999999999999705e-03,6.100000000000000387e-03,6.530000000000000214e-03,5.660000000000000100e-03,5.839999999999999705e-03,6.100000000000000387e-03,6.530000000000000214e-03,5.660000000000000100e-03,5.839999999999999705e-03,6.100000000000000387e-03,6.530000000000000214e-03,5.660000000000000100e-03,5.839999999999999705e-03,6.100000000000000387e-03,6.530000000000000214e-03
cx*c/cref,2.607981443933863729e-03,4.027499066844516390e-03,5.376903028984469056e-03,6.677211564594168029e-03,6.677211564594168029e-03,5.376903028984469056e-03,4.027499066844516390e-03,2.607981443933863729e-03,9.836327656087197769e-04,1.201456626168529839e-03,1.414309218186001263e-03,1.622710467397945082e-03,1.827113571104362804e-03,1.827113571104362804e-03,1.622710467397945082e-03,1.414309218186001263e-03,1.201456626168529839e-03,9.836327656087197769e-04,2.807691133528467976e-03,2.260355509648862525e-03,1.696014435585163453e-03,1.103721041769916301e-03,2.807691133528467976e-03,2.260355509648862525e-03,1.696014435585163453e-03,1.103721041769916301e-03,2.807691133528467976e-03,2.260355509648862525e-03,1.696014435585163453e-03,1.103721041769916301e-03,2.807691133528467976e-03,2.260355509648862525e-03,1.696014435585163453e-03,1.103721041769916301e-03
cxi,0.000000000000000000e+00,0.000000000000000000e+00,0.000000000000000000e+00,0.000000000000000000e+00,0.000000000000000000e+00,0.000000000000000000e+00,0.000000000000000000e+00,0.000000000000000000e+00,0.000000000000000000e+00,0.000000000000000000e+00,0.000000000000000000e+00,0.000000000000000000e+00,0.000000000000000000e+00,0.000000000000000000e+00,0.000000000000000000e+00,0.000000000000000000e+00,0.000000000000000000e+00,0.000000000000000000e+00,0.000000000000000000e+00,0.000000000000000000e+00,0.000000000000000000e+00,0.000000000000000000e+00,0.000000000000000000e+00,0.000000000000000000e+00,0.000000000000000000e+00,0.000000000000000000e+00,0.000000000000000000e+00,0.000000000000000000e+00,0.000000000000000000e+00,0.000000000000000000e+00,0.000000000000000000e+00,0.000000000000000000e+00,0.000000000000000000e+00,0.000000000000000000e+00
cxi*c/cref,0.000000000000000000e+00,0.000000000000000000e+00,0.000000000000000000e+00,0.000000000000000000e+00,0.000000000000000000e+00,0.000000000000000000e+00,0.000000000000000000e+00,0.000000000000000000e+00,0.000000000000000000e+00,0.000000000000000000e+00,0.000000000000000000e+00,0.000000000000000000e+00,0.000000000000000000e+00,0.000000000000000000e+00,0.000000000000000000e+00,0.000000000000000000e+00,0.000000000000000000e+00,0.000000000000000000e+00,0.000000000000000000e+00,0.000000000000000000e+00,0.000000000000000000e+00,0.000000000000000000e+00,0.000000000000000000e+00,0.000000000000000000e+00,0.000000000000000000e+00,0.000000000000000000e+00,0.000000000000000000e+00,0.000000000000000000e+00,0.000000000000000000e+00,0.000000000000000000e+00,0.000000000000000000e+00,0.000000000000000000e+00,0.000000000000000000e+00,0.000000000000000000e+00
cxo,5.720000000000000258e-03,5.369999999999999774e-03,5.150000000000000064e-03,4.989999999999999644e-03,4.989999999999999644e-03,5.150000000000000064e-03,5.369999999999999774e-03,5.720000000000000258e-03,6.649999999999999661e-03,6.440000000000000412e-03,6.279999999999999992e-03,6.150000000000000085e-03,6.040000000000000230e-03,6.040000000000000230e-03,6.150000000000000085e-03,6.279999999999999992e-03,6.440000000000000412e-03,6.649999999999999661e-03,5.660000000000000100e-03,5.839999999999999705e-03,6.100000000000000387e-03,6.530000000000000214e-03,5.660000000000000100e-03,5.839999999999999705e-03,6.100000000000000387e-03,6.530000000000000214e-03,5.660000000000000100e-03,5.839999999999999705e-03,6.100000000000000387e-03,6.530000000000000214e-03,5.660000000000000100e-03,5.839999999999999705e-03,6.100000000000000387e-03,6.530000000000000214e-03
cxo*c/cref,2.607981443933863729e-03,4.027499066844516390e-03,5.376903028984469056e-03,6.677211564594168029e-03,6.677211564594168029e-03,5.376903028984469056e-03,4.027499066844516390e-03,2.607981443933863729e-03,9.836327656087197769e-04,1.201456626168529839e-03,1.414309218186001263e-03,1.622710467397945082e-03,1.827113571104362804e-03,1.827113571104362804e-03,1.622710467397945082e-03,1.414309218186001263e-03,1.201456626168529839e-03,9.836327656087197769e-04,2.807691133528467976e-03,2.260355509648862525e-03,1.696014435585163453e-03,1.103721041769916301e-03,2.807691133528467976e-03,2.260355509648862525e-03,1.696014435585163453e-03,1.103721041769916301e-03,2.807691133528467976e-03,2.260355509648862525e-03,1.696014435585163453e-03,1.103721041769916301e-03,2.807691133528467976e-03,2.260355509648862525e-03,1.696014435585163453e-03,1.103721041769916301e-03
cy,0.000000000000000000e+00,0.000000000000000000e+00,0.000000000000000000e+00,0.000000000000000000e+00,0.000000000000000000e+00,0.000000000000000000e+00,0.000000000000000000e+00,0.000000000000000000e+00,0.000000000000000000e+00,0.000000000000000000e+00,0.000000000000000000e+00,0.000000000000000000e+00,0.000000000000000000e+00,0.000000000000000000e+00,0.000000000000000000e+00,0.000000000000000000e+00,0.000000000000000000e+00,0.000000000000000000e+00,0.000000000000000000e+00,0.000000000000000000e+00,0.000000000000000000e+00,0.000000000000000000e+00,0.000000000000000000e+00,0.000000000000000000e+00,0.000000000000000000e+00,0.000000000000000000e+00,0.000000000000000000e+00,0.000000000000000000e+00,0.000000000000000000e+00,0.000000000000000000e+00,0.000000000000000000e+00,0.000000000000000000e+00,0.000000000000000000e+00,0.000000000000000000e+00
cy*c/cref,0.000000000000000000e+00,0.000000000000000000e+00,0.000000000000000000e+00,0.000000000000000000e+00,0.000000000000000000e+00,0.000000000000000000e+00,0.000000000000000000e+00,0.000000000000000000e+00,0.000000000000000000e+00,0.000000000000000000e+00,0.000000000000000000e+00,0.000000000000000000e+00,0.000000000000000000e+00,0.000000000000000000e+00,0.000000000000000000e+00,0.000000000000000000e+00,0.000000000000000000e+00,0.000000000000000000e+00,0.000000000000000000e+00,0.000000000000000000e+00,0.000000000000000000e+00,0.000000000000000000e+00,0.000000000000000000e+00,0.000000000000000000e+00,0.000000000000000000e+00,0.000000000000000000e+00,0.000000000000000000e+00,0.000000000000000000e+00,0.000000000000000000e+00,0.000000000000000000e+00,0.000000000000000000e+00,0.000000000000000000e+00,0.000000000000000000e+00,0.000000000000000000e+00
cyi,0.000000000000000000e+00,0.000000000000000000e+00,0.000000000000000000e+00,0.000000000000000000e+00,0.000000000000000000e+00,0.000000000000000000e+00,0.000000000000000000e+00,0.000000000000000000e+00,0.000000000000000000e+00,0.000000000000000000e+00,0.000000000000000000e+00,0.000000000000000000e+00,0.000000000000000000e+00,0.000000000000000000e+00,0.000000000000000000e+00,0.000000000000000000e+00,0.000000000000000000e+00,0.000000000000000000e+00,0.000000000000000000e+00,0.000000000000000000e+00,0.000000000000000000e+00,0.000000000000000000e+00,0.000000000000000000e+00,0.000000000000000000e+00,0.000000000000000000e+00,0.000000000000000000e+00,0.000000000000000000e+00,0.000000000000000000e+00,0.000000000000000000e+00,0.000000000000000000e+00,0.000000000000000000e+00,0.000000000000000000e+00,0.000000000000000000e+00,0.000000000000000000e+00
cyi*c/cref,0.000000000000000000e+00,0.000000000000000000e+00,0.000000000000000000e+00,0.000000000000000000e+00,0.000000000000000000e+00,0.000000000000000000e+00,0.000000000000000000e+00,0.000000000000000000e+00,0.000000000000000000e+00,0.000000000000000000e+00,0.000000000000000000e+00,0.000000000000000000e+00,0.000000000000000000e+00,0.000000000000000000e+00,0.000000000000000000e+00,0.000000000000000000e+00,0.000000000000000000e+00,0.000000000000000000e+00,0.000000000000000000e+00,0.000000000000000000e+00,0.000000000000000000e+00,0.000000000000000000e+00,0.000000000000000000e+00,0.000000000000000000e+00,0.000000000000000000e+00,0.000000000000000000e+00,0.000000000000000000e+00,0.000000000000000000e+00,0.000000000000000000e+00,0.000000000000000000e+00,0.000000000000000000e+00,0.000000000000000000e+00,0.000000000000000000e+00,0.000000000000000000e+00
cyo,0.000000000000000000e+00,0.000000000000000000e+00,0.000000000000000000e+00,0.000000000000000000e+00,0.000000000000000000e+00,0.000000000000000000e+00,0.000000000000000000e+00,0.000000000000000000e+00,0.000000000000000000e+00,0.000000000000000000e+00,0.000000000000000000e+00,0.000000000000000000e+00,0.000000000000000000e+00,0.000000000000000000e+00,0.000000000000000000e+00,0.000000000000000000e+00,0.000000000000000000e+00,0.000000000000000000e+00,0.000000000000000000e+00,0.000000000000000000e+00,0.000000000000000000e+00,0.000000000000000000e+00,0.000000000000000000e+00,0.000000000000000000e+00,0.000000000000000000e+00,0.000000000000000000e+00,0.000000000000000000e+00,0.000000000000000000e+00,0.000000000000000000e+00,0.000000000000000000e+00,0.000000000000000000e+00,0.000000000000000000e+00,0.000000000000000000e+00,0.000000000000000000e+00
cyo*c/cref,0.000000000000000000e+00,0.000000000000000000e+00,0.000000000000000000e+00,0.000000000000000000e+00,0.000000000000000000e+00,0.000000000000000000e+00,0.000000000000000000e+00,0.000000000000000000e+00,0.000000000000000000e+00,0.000000000000000000e+00,0.000000000000000000e+00,0.000000000000000000e+00,0.000000000000000000e+00,0.000000000000000000e+00,0.000000000000000000e+00,0.000000000000000000e+00,0.000000000000000000e+00,0.000000000000000000e+00,0.000000000000000000e+00,0.000000000000000000e+00,0.000000000000000000e+00,0.000000000000000000e+00,0.000000000000000000e+00,0.000000000000000000e+00,0.000000000000000000e+00,0.000000000000000000e+00,0.000000000000000000e+00,0.000000000000000000e+00,0.000000000000000000e+00,0.000000000000000000e+00,0.000000000000000000e+00,0.000000000000000000e+00,0.000000000000000000e+00,0.000000000000000000e+00
cz,0.000000000000000000e+00,0.000000000000000000e+00,0.000000000000000000e+00,0.000000000000000000e+00,0.000000000000000000e+00,0.000000000000000000e+00,0.000000000000000000e+00,0.000000000000000000e+00,0.000000000000000000e+00,0.000000000000000000e+00,0.000000000000000000e+00,0.000000000000000000e+00,0.000000000000000000e+00,0.000000000000000000e+00,0.000000000000000000e+00,0.000000000000000000e+00,0.000000000000000000e+00,0.000000000000000000e+00,0.000000000000000000e+00,0.000000000000000000e+00,0.000000000000000000e+00,0.000000000000000000e+00,0.000000000000000000e+00,0.000000000000000000e+00,0.000000000000000000e+00,0.000000000000000000e+00,0.000000000000000000e+00,0.000000000000000000e+00,0.000000000000000000e+00,0.000000000000000000e+00,0.000000000000000000e+00,0.000000000000000000e+00,0.000000000000000000e+00,0.000000000000000000e+00
cz*c/cref,0.000000000000000000e+00,0.000000000000000000e+00,0.000000000000000000e+00,0.000000000000000000e+00,0.000000000000000000e+00,0.000000000000000000e+00,0.000000000000000000e+00,0.000000000000000000e+00,0.000000000000000000e+00,0.000000000000000000e+00,0.000000000000000000e+00,0.000000000000000000e+00,0.000000000000000000e+00,0.000000000000000000e+00,0.000000000000000000e+00,0.000000000000000000e+00,0.000000000000000000e+00,0.000000000000000000e+00,0.000000000000000000e+00,0.000000000000000000e+00,0.000000000000000000e+00,0.000000000000000000e+00,0.000000000000000000e+00,0.000000000000000000e+00,0.000000000000000000e+00,0.000000000000000000e+00,0.000000000000000000e+00,0.000000000000000000e+00,0.000000000000000000e+00,0.000000000000000000e+00,0.000000000000000000e+00,0.000000000000000000e+00,0.000000000000000000e+00,0.000000000000000000e+00
czi,0.000000000000000000e+00,0.000000000000000000e+00,0.000000000000000000e+00,0.000000000000000000e+00,0.000000000000000000e+00,0.000000000000000000e+00,0.000000000000000000e+00,0.000000000000000000e+00,0.000000000000000000e+00,0.000000000000000000e+00,0.000000000000000000e+00,0.000000000000000000e+00,0.000000000000000000e+00,0.000000000000000000e+00,0.000000000000000000e+00,0.000000000000000000e+00,0.000000000000000000e+00,0.000000000000000000e+00,0.000000000000000000e+00,0.000000000000000000e+00,0.000000000000000000e+00,0.000000000000000000e+00,0.000000000000000000e+00,0.000000000000000000e+00,0.000000000000000000e+00,0.000000000000000000e+00,0.000000000000000000e+00,0.000000000000000000e+00,0.000000000000000000e+00,0.000000000000000000e+00,0.000000000000000000e+00,0.000000000000000000e+00,0.000000000000000000e+00,0.000000000000000000e+00
czi*c/cref,0.000000000000000000e+00,0.000000000000000000e+00,0.000000000000000000e+00,0.000000000000000000e+00,0.000000000000000000e+00,0.000000000000000000e+00,0.000000000000000000e+00,0.000000000000000000e+00,0.000000000000000000e+00,0.000000000000000000e+00,0.000000000000000000e+00,0.000000000000000000e+00,0.000000000000000000e+00,0.000000000000000000e+00,0.000000000000000000e+00,0.000000000000000000e+00,0.000000000000000000e+00,0.000000000000000000e+00,0.000000000000000000e+00,0.000000000000000000e+00,0.000000000000000000e+00,0.000000000000000000e+00,0.000000000000000000e+00,0.000000000000000000e+00,0.000000000000000000e+00,0.000000000000000000e+00,0.000000000000000000e+00,0.000000000000000000e+00,0.000000000000000000e+00,0.000000000000000000e+00,0.000000000000000000e+00,0.000000000000000000e+00,0.000000000000000000e+00,0.000000000000000000e+00
czo,0.000000000000000000e+00,0.000000000000000000e+00,0.000000000000000000e+00,0.000000000000000000e+00,0.000000000000000000e+00,0.000000000000000000e+00,0.000000000000000000e+00,0.000000000000000000e+00,0.000000000000000000e+00,0.000000000000000000e+00,0.000000000000000000e+00,0.000000000000000000e+00,0.000000000000000000e+00,0.000000000000000000e+00,0.000000000000000000e+00,0.000000000000000000e+00,0.000000000000000000e+00,0.000000000000000000e+00,0.000000000000000000e+00,0.000000000000000000e+00,0.000000000000000000e+00,0.000000000000000000e+00,0.000000000000000000e+00,0.000000000000000000e+00,0.000000000000000000e+00,0.000000000000000000e+00,0.000000000000000000e+00,0.000000000000000000e+00,0.000000000000000000e+00,0.000000000000000000e+00,0.000000000000000000e+00,0.000000000000000000e+00,0.000000000000000000e+00,0.000000000000000000e+00
czo*c/cref,0.000000000000000000e+00,0.000000000000000000e+00,0.000000000000000000e+00,0.000000000000000000e+00,0.000000000000000000e+00,0.000000000000000000e+00,0.000000000000000000e+00,0.000000000000000000e+00,0.000000000000000000e+00,0.000000000000000000e+00,0.000000000000000000e+00,0.000000000000000000e+00,0.000000000000000000e+00,0.000000000000000000e+00,0.000000000000000000e+00,0.000000000000000000e+00,0.000000000000000000e+00,0.000000000000000000e+00,0.000000000000000000e+00,0.000000000000000000e+00,0.000000000000000000e+00,0.000000000000000000e+00,0.000000000000000000e+00,0.000000000000000000e+00,0.000000000000000000e+00,0.000000000000000000e+00,0.000000000000000000e+00,0.000000000000000000e+00,0.000000000000000000e+00,0.000000000000000000e+00,0.000000000000000000e+00,0.000000000000000000e+00,0.000000000000000000e+00,0.000000000000000000e+00
dArea,2.123299000000000092e+01,3.492723000000000155e+01,4.862147000000000219e+01,6.231571000000000282e+01,6.231571000000000282e+01,4.862147000000000219e+01,3.492723000000000155e+01,2.123299000000000092e+01,3.443099999999999827e+00,4.342710000000000292e+00,5.242320000000000313e+00,6.141930000000000334e+00,7.041540000000000354e+00,7.041540000000000354e+00,6.141930000000000334e+00,5.242320000000000313e+00,4.342710000000000292e+00,3.443099999999999827e+00,5.566569999999999574e+00,4.343289999999999651e+00,3.120000000000000107e+00,1.896709999999999896e+00,5.566569999999999574e+00,4.343289999999999651e+00,3.120000000000000107e+00,1.896709999999999896e+00,5.566569999999999574e+00,4.343289999999999651e+00,3.120000000000000107e+00,1.896709999999999896e+00,5.566569999999999574e+00,4.343289999999999651e+00,3.120000000000000107e+00,1.896709999999999896e+00
dSpan,3.237000000000000099e+00,3.237000000000000099e+00,3.237000000000000099e+00,3.237000000000000099e+00,3.237000000000000099e+00,3.237000000000000099e+00,3.237000000000000099e+00,3.237000000000000099e+00,1.618000000000000105e+00,1.618000000000000105e+00,1.618000000000000105e+00,1.618000000000000105e+00,1.618000000000000105e+00,1.618000000000000105e+00,1.618000000000000105e+00,1.618000000000000105e+00,1.618000000000000105e+00,1.618000000000000105e+00,7.800000000000000266e-01,7.800000000000000266e-01,7.800000000000000266e-01,7.800000000000000266e-01,7.800000000000000266e-01,7.800000000000000266e-01,7.800000000000000266e-01,7.800000000000000266e-01,7.800000000000000266e-01,7.800000000000000266e-01,7.800000000000000266e-01,7.800000000000000266e-01,7.800000000000000266e-01,7.800000000000000266e-01,7.800000000000000266e-01,7.800000000000000266e-01
roverR,inf,inf,inf,inf,inf,inf,inf,inf,inf,inf,inf,inf,inf,inf,inf,inf,inf,inf,inf,inf,inf,inf,inf,inf,inf,inf,inf,inf,inf,inf,inf,inf,inf,inf
Results_Name,CpSlice_Wrapper
Results_Timestamp,1789028309
Results_Date,9,10,2026
Results_Time,11,18,29
CpSlice_Case_ID_Vec,ECQRBJM
Num_Cuts,1
